{
  "kind": "collectionType",
  "collectionName": "stores",
  "info": {
    "name": "store",
    "description": ""
  },
  "options": {
    "increments": true,
    "timestamps": true,
    "draftAndPublish": false
  },
  "attributes": {
    "name": {
      "type": "string"
    },
    "slug": {
      "type": "string"
    },
    "address": {
      "type": "string"
    },
    "phone": {
      "type": "string"
    },
    "products": {
      "collection": "product",
      "via": "stores",
      "dominant": true
    },
    "thumbnail": {
      "model": "file",
      "via": "related",
      "allowedTypes": [
        "images",
        "files",
        "videos"
      ],
      "plugin": "upload",
      "required": false
    }
  }
}
