{
  "kind": "collectionType",
  "collectionName": "posts",
  "info": {
    "name": "post",
    "description": ""
  },
  "options": {
    "increments": true,
    "timestamps": true,
    "draftAndPublish": false
  },
  "attributes": {
    "name": {
      "type": "string"
    },
    "slug": {
      "type": "string"
    },
    "short_description": {
      "type": "string"
    },
    "thumbnail": {
      "model": "file",
      "via": "related",
      "allowedTypes": [
        "images",
        "files",
        "videos"
      ],
      "plugin": "upload",
      "required": false
    },
    "post_categories": {
      "via": "posts",
      "collection": "post-category"
    },
    "content": {
      "type": "richtext"
    }
  }
}
