{
  "routes": [
    {
      "method": "GET",
      "path": "/promotions",
      "handler": "promotions.find",
      "config": {
        "policies": []
      }
    },
    {
      "method": "GET",
      "path": "/promotions/count",
      "handler": "promotions.count",
      "config": {
        "policies": []
      }
    },
    {
      "method": "GET",
      "path": "/promotions/:id",
      "handler": "promotions.findOne",
      "config": {
        "policies": []
      }
    },
    {
      "method": "POST",
      "path": "/promotions",
      "handler": "promotions.create",
      "config": {
        "policies": []
      }
    },
    {
      "method": "PUT",
      "path": "/promotions/:id",
      "handler": "promotions.update",
      "config": {
        "policies": []
      }
    },
    {
      "method": "DELETE",
      "path": "/promotions/:id",
      "handler": "promotions.delete",
      "config": {
        "policies": []
      }
    }
  ]
}
