{
  "routes": [
    {
      "method": "GET",
      "path": "/product-categories",
      "handler": "product-categories.find",
      "config": {
        "policies": []
      }
    },
    {
      "method": "GET",
      "path": "/product-categories/count",
      "handler": "product-categories.count",
      "config": {
        "policies": []
      }
    },
    {
      "method": "GET",
      "path": "/product-categories/:id",
      "handler": "product-categories.findOne",
      "config": {
        "policies": []
      }
    },
    {
      "method": "POST",
      "path": "/product-categories",
      "handler": "product-categories.create",
      "config": {
        "policies": []
      }
    },
    {
      "method": "PUT",
      "path": "/product-categories/:id",
      "handler": "product-categories.update",
      "config": {
        "policies": []
      }
    },
    {
      "method": "DELETE",
      "path": "/product-categories/:id",
      "handler": "product-categories.delete",
      "config": {
        "policies": []
      }
    }
  ]
}
